iteration;car;pt;walk
0;0.7818095351325645;0.1888360480323386;0.029354416835096896
1;0.7708714778266555;0.19126738794435857;0.03786113422898585
