ITERATION;avg. Average Leg distance;avg. Average Trip distance
0;972.368441202572;3740.75992925505
1;1006.3747466644367;3735.3175497557454
