iteration;avg_executed;avg_worst;avg_average;avg_best
0;-34.160744518204815;-34.160744518204815;-34.160744518204815;-34.160744518204815
1;-16.355311887144694;-17.4361493365741;-16.88101427156135;-16.325879206548674
2;-15.628936727003259;-17.210130610314756;-16.379952253346183;-15.554295659364016
3;1.3311812743499385;-2.1100877662176236;-0.3539328015346049;1.4063439389109322
4;2.055219325229074;-1.7248380370481455;0.23552183699120183;2.1813972873448013
5;6.262213855525727;1.7035076729556518;4.086335123746379;6.433709144914461
