ITERATION;avg. Average Leg distance;avg. Average Trip distance
0;1036.2043828316134;3986.773808423629
1;1438.825646956253;4865.177254533012
2;1471.906118207258;4919.392362368563
3;1688.3413588805126;5306.698587296616
4;1695.3763781945386;5286.6479978293
5;1764.6664054045527;5403.94607303023
