iteration;car;pt;walk
0;0.7818121292102104;0.18883380295086255;0.029354067838927134
1;0.7708742019474266;0.1912651139565574;0.03786068409601598
