ITERATION;avg. Average Leg distance;avg. Average Trip distance
0;1036.3460037066318;3991.7789345068522
1;1439.5990382219181;4856.059994463928
