iteration;avg_executed;avg_worst;avg_average;avg_best
0;-34.160744518204815;-34.160744518204815;-34.160744518204815;-34.160744518204815
