iteration;car;pt;walk
0;0.7818108321790977;0.18883492548492756;0.0293542423359747
1;0.770872839895138;0.19126625094369906;0.03786090916116299
