ITERATION;avg. Average Leg distance;avg. Average Trip distance
0;1036.3857717776639;3990.228651247081
1;1439.293370665188;4863.583786672792
